{"cameraMode":{"drawMode":0,"name":"Shaded","section":"Shading Mode"},"sceneLighting":false,"audioPlay":false,"sceneViewState":{"m_AlwaysRefresh":false,"showFog":true,"showSkybox":false,"showFlares":true,"showImageEffects":true,"showParticleSystems":true,"showVisualEffectGraphs":true,"m_FxEnabled":true},"in2DMode":false,"pivot":{"x":8.741518020629883,"y":30.228843688964845,"z":4.54405403137207},"rotation":{"x":0.13814066350460053,"y":-0.014261448755860329,"z":0.0019893378484994175,"w":0.9903091788291931},"size":8.823040008544922,"orthographic":true}