{"cameraMode":{"drawMode":0,"name":"Shaded","section":"Shading Mode"},"sceneLighting":true,"audioPlay":false,"sceneViewState":{"m_AlwaysRefresh":false,"showFog":true,"showSkybox":true,"showFlares":true,"showImageEffects":true,"showParticleSystems":true,"showVisualEffectGraphs":true,"m_FxEnabled":true},"in2DMode":false,"pivot":{"x":-7.596336841583252,"y":0.007002738304436207,"z":-8.11803150177002},"rotation":{"x":-0.20564264059066773,"y":0.7843054533004761,"z":-0.47850143909454348,"w":-0.33706629276275637},"size":31.07501220703125,"orthographic":false}