{"cameraMode":{"drawMode":0,"name":"Shaded","section":"Shading Mode"},"sceneLighting":false,"audioPlay":false,"sceneViewState":{"m_AlwaysRefresh":false,"showFog":false,"showSkybox":false,"showFlares":false,"showImageEffects":false,"showParticleSystems":false,"showVisualEffectGraphs":true,"m_FxEnabled":true},"in2DMode":false,"pivot":{"x":-1.1619422435760499,"y":-0.39158889651298525,"z":3.9886908531188967},"rotation":{"x":0.09219890087842941,"y":-0.03882250934839249,"z":0.0035970478784292938,"w":0.9949787855148315},"size":2.7002646923065187,"orthographic":true}