{"cameraMode":{"drawMode":0,"name":"Shaded","section":"Shading Mode"},"sceneLighting":false,"audioPlay":false,"sceneViewState":{"m_AlwaysRefresh":false,"showFog":false,"showSkybox":false,"showFlares":false,"showImageEffects":false,"showParticleSystems":false,"showVisualEffectGraphs":true,"m_FxEnabled":true},"in2DMode":false,"pivot":{"x":-0.00041675567626953125,"y":5.8253173828125,"z":-0.3043806552886963},"rotation":{"x":0.11524742096662522,"y":-0.5807514786720276,"z":0.08349985629320145,"w":0.8015602231025696},"size":10.273698806762696,"orthographic":true}