{"cameraMode":{"drawMode":0,"name":"Shaded","section":"Shading Mode"},"sceneLighting":true,"audioPlay":false,"sceneViewState":{"m_AlwaysRefresh":false,"showFog":true,"showSkybox":true,"showFlares":true,"showImageEffects":true,"showParticleSystems":true,"showVisualEffectGraphs":true,"m_FxEnabled":true},"in2DMode":false,"pivot":{"x":-2.3655173778533937,"y":27.517005920410158,"z":0.6344841718673706},"rotation":{"x":0.09895027428865433,"y":-0.6881469488143921,"z":0.09557682275772095,"w":0.7125066518783569},"size":6.163841247558594,"orthographic":true}