{"cameraMode":{"drawMode":0,"name":"Shaded","section":"Shading Mode"},"sceneLighting":true,"audioPlay":false,"sceneViewState":{"m_AlwaysRefresh":false,"showFog":true,"showSkybox":true,"showFlares":true,"showImageEffects":true,"showParticleSystems":true,"showVisualEffectGraphs":true,"m_FxEnabled":true},"in2DMode":false,"pivot":{"x":9.808073043823243,"y":18.532155990600587,"z":-11.27142333984375},"rotation":{"x":0.0005980568821541965,"y":-0.0036000851541757585,"z":0.000002155697984562721,"w":0.9999945759773254},"size":72.4659194946289,"orthographic":true}