{"cameraMode":{"drawMode":0,"name":"Shaded","section":"Shading Mode"},"sceneLighting":true,"audioPlay":false,"sceneViewState":{"m_AlwaysRefresh":false,"showFog":true,"showSkybox":true,"showFlares":true,"showImageEffects":true,"showParticleSystems":true,"showVisualEffectGraphs":true,"m_FxEnabled":true},"in2DMode":false,"pivot":{"x":-9.050027847290039,"y":7.2153778076171879,"z":-4.001884460449219},"rotation":{"x":-0.20728057622909547,"y":0.7918000817298889,"z":-0.38425183296203616,"w":-0.42712828516960146},"size":30.157323837280275,"orthographic":false}