{"cameraMode":{"drawMode":0,"name":"Shaded","section":"Shading Mode"},"sceneLighting":false,"audioPlay":false,"sceneViewState":{"m_AlwaysRefresh":false,"showFog":false,"showSkybox":false,"showFlares":false,"showImageEffects":false,"showParticleSystems":false,"showVisualEffectGraphs":true,"m_FxEnabled":true},"in2DMode":false,"pivot":{"x":10.285371780395508,"y":-3.7443699836730959,"z":0.11843570321798325},"rotation":{"x":-0.00007568582077510655,"y":-0.9991168975830078,"z":0.041987575590610507,"w":-0.0018004087032750249},"size":73.95220184326172,"orthographic":true}